{"count":1,"self":14.1093424,"total":14.124234099999999,"children":{"AgentResetIfDone":{"count":671,"self":0.0029131,"total":0.0029131,"children":null},"AgentSendState":{"count":671,"self":0.0029059999999999997,"total":0.0029059999999999997,"children":null},"DecideAction":{"count":671,"self":0.0030074999999999998,"total":0.0030074999999999998,"children":null},"AcademyStep":{"count":671,"self":0.0030482,"total":0.0030482,"children":null},"AgentAct":{"count":671,"self":0.0010222,"total":0.0010222,"children":null}}}