{"count":1,"self":35.980982399999995,"total":36.096264999999995,"children":{"AgentResetIfDone":{"count":1766,"self":0.0350008,"total":0.0350008,"children":null},"AgentSendState":{"count":1766,"self":0.0205609,"total":0.0205609,"children":null},"DecideAction":{"count":1766,"self":0.030305,"total":0.030305,"children":null},"AcademyStep":{"count":1766,"self":0.009696999999999999,"total":0.009696999999999999,"children":null},"AgentAct":{"count":1766,"self":0.017723799999999998,"total":0.017723799999999998,"children":null}}}