{"count":1,"self":22.372007999999997,"total":22.496315,"children":{"AgentResetIfDone":{"count":1095,"self":0.0276805,"total":0.0276805,"children":null},"AgentSendState":{"count":1095,"self":0.0312471,"total":0.0624172,"children":{"CollectObservations":{"count":1095,"self":0.0311701,"total":0.0311701,"children":null}}},"DecideAction":{"count":1095,"self":0.013808599999999999,"total":0.013808599999999999,"children":null},"AcademyStep":{"count":1095,"self":0.0078456999999999989,"total":0.0078456999999999989,"children":null},"AgentAct":{"count":1095,"self":0.0115584,"total":0.0115584,"children":null}}}