{"count":1,"self":26.3250736,"total":27.995759999999997,"children":{"AgentResetIfDone":{"count":1324,"self":0.04634,"total":0.04634,"children":null},"AgentSendState":{"count":1324,"self":0.057548999999999996,"total":0.082565,"children":{"CollectObservations":{"count":1324,"self":0.025016,"total":0.025016,"children":null}}},"DecideAction":{"count":1324,"self":0.032478,"total":0.032478,"children":null},"AcademyStep":{"count":1324,"self":0.024165,"total":0.024165,"children":null},"AgentAct":{"count":1324,"self":1.483557,"total":1.483557,"children":null}}}