{"count":1,"self":46.802704,"total":47.1552,"children":{"AgentResetIfDone":{"count":2245,"self":0.078392,"total":0.078392,"children":null},"AgentSendState":{"count":2245,"self":0.094787,"total":0.136927,"children":{"CollectObservations":{"count":2245,"self":0.04214,"total":0.04214,"children":null}}},"DecideAction":{"count":2245,"self":0.051005999999999996,"total":0.051005999999999996,"children":null},"AcademyStep":{"count":2245,"self":0.041180999999999995,"total":0.041180999999999995,"children":null},"AgentAct":{"count":2245,"self":0.043192,"total":0.043192,"children":null}}}