{"count":1,"self":9.2816488,"total":9.3454535,"children":{"AgentResetIfDone":{"count":443,"self":0.0068293,"total":0.0068293,"children":null},"AgentSendState":{"count":443,"self":0.0177673,"total":0.040157899999999996,"children":{"CollectObservations":{"count":443,"self":0.0223906,"total":0.0223906,"children":null}}},"DecideAction":{"count":443,"self":0.0049066,"total":0.0049066,"children":null},"AcademyStep":{"count":443,"self":0.0038916,"total":0.0038916,"children":null},"AgentAct":{"count":443,"self":0.0060249,"total":0.0060249,"children":null}}}