{"count":1,"self":16.788044799999998,"total":16.816978199999998,"children":{"AgentResetIfDone":{"count":816,"self":0.0089274,"total":0.0089274,"children":null},"AgentSendState":{"count":816,"self":0.0062987,"total":0.0062987,"children":null},"DecideAction":{"count":816,"self":0.007892,"total":0.007892,"children":null},"AcademyStep":{"count":816,"self":0.001956,"total":0.001956,"children":null},"AgentAct":{"count":816,"self":0.0028628,"total":0.0028628,"children":null}}}