{"count":1,"self":35.645551999999995,"total":36.324517,"children":{"AgentResetIfDone":{"count":1721,"self":0.05844,"total":0.05844,"children":null},"AgentSendState":{"count":1721,"self":0.075891,"total":0.107482,"children":{"CollectObservations":{"count":1557,"self":0.031591,"total":0.031591,"children":null}}},"DecideAction":{"count":1721,"self":0.40811,"total":0.40811,"children":null},"AcademyStep":{"count":1721,"self":0.030678999999999998,"total":0.030678999999999998,"children":null},"AgentAct":{"count":1721,"self":0.072367,"total":0.072367,"children":null}}}