{"cameraMode":{"drawMode":0,"name":"Shaded","section":"Shading Mode"},"sceneLighting":true,"audioPlay":false,"sceneViewState":{"showFog":true,"showMaterialUpdate":false,"showSkybox":true,"showFlares":true,"showImageEffects":true,"showParticleSystems":true},"in2DMode":false,"pivot":{"x":33.206703186035159,"y":-294.0074462890625,"z":-99.07504272460938},"rotation":{"x":0.8038359880447388,"y":-0.009812189266085625,"z":0.013264501467347145,"w":0.5946236848831177},"size":417.046630859375,"orthographic":true}