{"cameraMode":{"drawMode":0,"name":"Shaded","section":"Shading Mode"},"sceneLighting":true,"audioPlay":false,"sceneViewState":{"showFog":true,"showMaterialUpdate":false,"showSkybox":true,"showFlares":true,"showImageEffects":true,"showParticleSystems":true},"in2DMode":false,"pivot":{"x":744.3560180664063,"y":-16.58135986328125,"z":-11.84375},"rotation":{"x":-0.3214980661869049,"y":0.0005651751416735351,"z":-0.00019309222989249974,"w":-0.9469159841537476},"size":1672.501953125,"orthographic":false}